Draw,Date,1,2,3,4,5,6
4601,23/08/2025,2,10,28,33,44,45
4599,16/08/2025,1,6,15,18,23,38
4597,9/08/2025,4,10,14,40,41,45
4595,2/08/2025,1,21,24,40,43,45
4593,26/07/2025,2,17,23,40,42,44
4591,19/07/2025,7,15,17,22,36,42
4589,12/07/2025,9,23,29,35,36,37
4587,5/07/2025,4,6,13,14,17,19
4585,28/06/2025,21,32,34,39,41,44
4583,21/06/2025,1,6,10,24,30,42
4581,14/06/2025,1,6,10,17,19,28
4579,7/06/2025,11,13,22,26,30,36
4577,31/05/2025,5,7,9,23,27,45
4575,24/05/2025,5,13,33,35,36,37
4573,17/05/2025,9,19,31,37,40,44
4571,10/05/2025,1,18,25,35,38,45
4569,3/05/2025,16,27,29,30,34,43
4567,26/04/2025,1,7,21,32,38,42
4565,19/04/2025,10,14,19,21,28,44
4563,12/04/2025,3,6,13,17,22,45
4561,5/04/2025,3,10,23,27,42,43
4559,29/03/2025,1,3,17,21,36,41
4557,22/03/2025,11,16,29,34,42,45
4555,15/03/2025,3,13,15,16,27,30
4553,8/03/2025,2,16,18,28,29,38
4551,1/03/2025,3,6,11,12,13,37
4549,22/02/2025,2,5,26,28,31,39
4547,15/02/2025,8,18,19,31,41,43
4545,8/02/2025,6,15,25,35,40,42
4543,1/02/2025,1,7,8,12,18,41
4541,25/01/2025,8,12,15,21,28,34
4539,18/01/2025,7,11,15,19,34,45
4537,11/01/2025,6,8,18,19,29,38
4535,4/01/2025,8,10,19,23,31,33
4533,28/12/2024,4,12,26,29,40,41
4531,21/12/2024,9,18,25,27,38,44
4529,14/12/2024,6,7,11,21,30,35
4527,7/12/2024,1,7,11,13,16,35
4525,30/11/2024,8,13,16,30,39,41
4523,23/11/2024,3,6,17,25,40,42
4521,16/11/2024,5,6,8,29,38,44
4519,9/11/2024,5,6,30,37,39,43
4517,2/11/2024,1,3,6,10,18,42
4515,26/10/2024,1,25,29,35,42,43
4513,19/10/2024,5,15,22,26,33,43
4511,12/10/2024,2,8,10,21,28,45
4509,5/10/2024,13,15,18,24,27,30
4507,28/09/2024,15,19,29,34,37,40
4505,21/09/2024,6,21,24,29,32,42
4503,14/09/2024,6,14,22,32,34,38
4501,7/09/2024,7,13,15,16,20,38
4499,31/08/2024,4,6,15,20,32,39
4497,24/08/2024,5,8,42,43,44,45
4495,17/08/2024,1,3,15,23,25,41
4493,10/08/2024,4,10,37,38,42,45
4491,3/08/2024,10,11,12,13,41,45
4489,27/07/2024,4,11,20,27,37,45
4487,20/07/2024,17,23,25,29,30,31
4485,13/07/2024,1,2,18,21,24,36
4483,6/07/2024,3,4,15,20,26,44
4481,29/06/2024,10,21,24,30,44,45
4479,22/06/2024,2,22,35,37,38,40
4477,15/06/2024,12,23,34,36,38,40
4475,8/06/2024,3,13,14,24,30,32
4473,1/06/2024,5,21,22,28,39,42
4471,25/05/2024,8,10,22,35,36,38
4469,18/05/2024,9,13,20,26,32,43
4467,11/05/2024,17,20,21,31,41,44
4465,4/05/2024,5,12,14,26,29,42
4463,27/04/2024,1,7,20,26,34,39
4461,20/04/2024,6,16,19,25,43,44
4459,13/04/2024,1,3,16,18,19,25
4457,6/04/2024,5,6,14,36,37,45
4455,30/03/2024,9,12,15,42,43,44
4453,23/03/2024,1,12,16,17,19,32
4451,16/03/2024,3,17,28,35,40,44
4449,9/03/2024,2,3,11,17,25,31
4447,2/03/2024,5,8,15,18,19,30
4445,24/02/2024,16,17,26,38,39,42
4443,17/02/2024,7,11,22,25,28,34
4441,10/02/2024,1,2,12,13,20,42
4439,3/02/2024,3,11,19,22,23,29
4437,27/01/2024,5,8,13,24,29,36
4435,20/01/2024,11,22,27,33,35,37
4433,13/01/2024,8,33,37,39,40,41
4431,6/01/2024,12,13,17,34,36,42
4429,30/12/2023,2,3,11,23,38,39
4427,23/12/2023,1,20,24,31,37,39
4425,16/12/2023,8,12,13,17,39,41
4423,9/12/2023,9,11,25,32,33,44
4421,2/12/2023,10,14,21,22,23,42
4419,25/11/2023,17,20,30,36,37,44
4417,18/11/2023,7,8,15,16,26,31
4415,11/11/2023,1,2,23,24,28,30
4413,4/11/2023,1,5,14,15,34,42
4411,28/10/2023,12,13,14,18,30,35
4409,21/10/2023,2,7,12,29,30,31
4407,14/10/2023,7,10,11,23,24,38
4405,7/10/2023,18,23,25,28,35,37
4403,30/09/2023,6,20,27,29,43,45
4401,23/09/2023,4,13,16,21,29,45
4399,16/09/2023,11,23,27,28,37,41
4397,9/09/2023,7,9,11,14,15,29
4395,2/09/2023,9,16,32,37,40,41
4393,26/08/2023,6,10,18,32,33,37
4391,19/08/2023,14,16,24,34,41,44
4389,12/08/2023,5,10,30,32,34,42
4387,5/08/2023,1,2,18,24,36,43
4385,29/07/2023,3,14,32,37,42,45
4383,22/07/2023,1,5,14,26,32,33
4381,15/07/2023,18,25,31,32,37,39
4379,8/07/2023,5,26,29,34,37,41
4377,1/07/2023,6,7,19,21,26,38
4375,24/06/2023,4,8,21,29,30,37
4373,17/06/2023,8,24,27,36,39,41
4371,10/06/2023,2,11,12,23,42,43
4369,3/06/2023,1,12,24,26,37,41
4367,27/05/2023,7,8,22,28,34,37
4365,20/05/2023,2,8,11,12,25,32
4363,13/05/2023,6,22,23,24,33,36
4361,6/05/2023,2,8,13,17,30,35
4359,29/04/2023,4,15,16,18,35,45
4357,22/04/2023,4,29,32,34,38,41
4355,15/04/2023,4,16,23,31,39,43
4353,8/04/2023,4,6,9,11,13,40
4351,1/04/2023,5,10,25,36,39,45
4349,25/03/2023,8,9,10,14,39,42
4347,18/03/2023,1,6,15,21,43,44
4345,11/03/2023,1,4,9,10,29,42
4343,4/03/2023,1,9,13,32,33,34
4341,25/02/2023,4,12,13,15,29,45
4339,18/02/2023,8,11,16,24,30,34
4337,11/02/2023,4,7,19,20,21,22
4335,4/02/2023,11,27,31,34,39,45
4333,28/01/2023,7,24,27,30,39,44
4331,21/01/2023,9,10,11,23,32,40
4329,14/01/2023,11,19,30,37,39,45
4327,7/01/2023,2,9,11,17,18,38
4325,31/12/2022,11,20,23,35,42,45
4323,24/12/2022,4,7,8,24,32,39
4321,17/12/2022,3,8,28,36,37,41
4319,10/12/2022,6,14,22,24,35,44
4317,3/12/2022,4,8,10,12,15,39
4315,26/11/2022,12,14,22,29,31,45
4313,19/11/2022,9,12,14,23,31,43
4311,12/11/2022,3,6,12,18,31,35
4309,5/11/2022,12,19,26,29,39,45
4307,29/10/2022,3,6,7,9,22,42
4305,22/10/2022,7,17,21,24,35,41
4303,15/10/2022,5,7,11,12,24,40
4301,8/10/2022,17,20,23,33,37,45
4299,1/10/2022,9,20,25,30,32,40
4297,24/09/2022,5,7,10,14,34,41
4295,17/09/2022,4,7,9,21,23,25
4293,10/09/2022,2,8,11,31,32,45
4291,3/09/2022,3,6,10,18,21,39
4289,27/08/2022,2,3,6,23,41,42
4287,20/08/2022,6,16,34,35,37,42
4285,13/08/2022,1,15,20,29,35,38
4283,6/08/2022,14,15,24,31,33,39
4281,30/07/2022,8,12,17,21,26,42
4279,23/07/2022,3,20,24,32,38,40
4277,16/07/2022,8,11,19,23,35,37
4275,9/07/2022,6,23,30,37,43,44
4273,2/07/2022,10,15,17,31,37,42
4271,25/06/2022,6,16,18,20,25,36
4269,18/06/2022,1,11,22,27,34,37
4267,11/06/2022,10,11,19,21,39,45
4265,4/06/2022,7,8,13,17,23,25
4263,28/05/2022,15,17,19,28,32,33
4261,21/05/2022,5,9,13,23,38,41
4259,14/05/2022,15,20,25,27,35,39
4257,7/05/2022,6,7,11,13,17,45
4255,30/04/2022,3,8,10,20,36,42
4253,23/04/2022,3,23,31,33,39,45
4251,16/04/2022,11,12,14,15,23,37
4249,9/04/2022,1,8,19,31,35,40
4247,2/04/2022,1,4,6,15,21,27
4245,26/03/2022,2,8,13,21,22,33
4243,19/03/2022,10,24,32,34,38,43
4241,12/03/2022,4,29,35,37,40,41
4239,5/03/2022,2,16,18,19,30,40
4237,26/02/2022,3,7,16,23,26,34
4235,19/02/2022,1,5,18,20,23,34
4233,12/02/2022,13,35,36,37,42,43
4231,5/02/2022,2,9,10,11,22,37
4229,29/01/2022,8,9,22,23,34,40
4227,22/01/2022,1,12,14,21,39,43
4225,15/01/2022,3,11,19,33,38,42
4223,8/01/2022,3,17,20,24,27,29
4221,31/12/2021,8,14,15,20,32,43
4219,25/12/2021,6,19,21,30,31,42
4217,18/12/2021,1,19,25,29,36,44
4215,11/12/2021,6,12,27,35,37,39
4213,4/12/2021,8,24,31,39,44,45
4211,27/11/2021,3,5,27,34,41,45
4209,20/11/2021,9,17,20,21,25,33
4207,13/11/2021,17,22,26,29,32,40
4205,6/11/2021,11,15,28,30,33,39
4203,30/10/2021,4,16,26,29,30,32
4201,23/10/2021,9,10,16,22,26,32
4199,16/10/2021,2,7,17,26,27,38
4197,9/10/2021,18,22,24,34,40,42
4195,2/10/2021,13,17,26,28,33,44
4193,25/09/2021,6,28,29,33,36,40
4191,18/09/2021,5,6,15,18,36,43
4189,11/09/2021,8,10,17,23,26,34
4187,4/09/2021,14,29,31,33,44,45
4185,28/08/2021,17,19,21,22,23,30
4183,21/08/2021,6,19,34,35,40,43
4181,14/08/2021,3,9,13,19,24,28
4179,7/08/2021,5,11,12,22,28,36
4177,31/07/2021,13,16,18,32,33,41
4175,24/07/2021,12,16,26,27,30,40
4173,17/07/2021,2,14,30,32,35,38
4171,10/07/2021,22,23,28,30,34,38
4169,3/07/2021,2,7,27,33,37,42
4167,26/06/2021,1,24,26,32,34,36
4165,19/06/2021,12,14,30,34,40,41
4163,12/06/2021,5,13,15,28,37,45
4161,5/06/2021,1,11,24,32,33,44
4159,29/05/2021,2,7,16,28,30,42
4157,22/05/2021,6,7,9,13,23,27
4155,15/05/2021,5,15,16,19,20,41
4153,8/05/2021,2,4,9,26,31,41
4151,1/05/2021,5,14,18,22,31,42
4149,24/04/2021,2,4,8,31,32,44
4147,17/04/2021,5,13,17,33,38,44
4145,10/04/2021,7,8,20,22,26,42
4143,3/04/2021,1,21,31,38,39,41
4141,27/03/2021,2,4,12,23,24,35
4139,20/03/2021,8,9,13,19,22,32
4137,13/03/2021,15,17,22,27,37,40
4135,6/03/2021,11,16,26,32,39,42
4133,27/02/2021,4,6,24,35,42,45
4131,20/02/2021,3,5,9,26,35,41
4129,13/02/2021,1,3,4,22,42,43
4127,6/02/2021,3,6,8,10,12,24
4125,30/01/2021,3,6,15,20,30,31
4123,23/01/2021,1,6,8,10,29,40
4121,16/01/2021,4,12,14,17,22,33
4119,9/01/2021,7,9,20,22,34,45
4117,2/01/2021,5,7,14,16,17,44
4115,26/12/2020,2,5,11,21,30,32
4113,19/12/2020,9,16,26,35,39,41
4111,12/12/2020,14,16,35,38,40,43
4109,5/12/2020,1,9,11,24,32,41
4107,28/11/2020,10,18,20,34,35,37
4105,21/11/2020,2,21,27,37,39,42
4103,14/11/2020,6,15,23,26,27,45
4101,7/11/2020,1,3,7,8,15,35
4099,31/10/2020,4,13,19,26,27,34
4097,24/10/2020,3,23,30,31,38,45
4095,17/10/2020,5,8,12,14,16,38
4093,10/10/2020,5,12,24,26,34,37
4091,3/10/2020,3,11,21,24,29,38
4089,26/09/2020,1,7,22,28,36,42
4087,19/09/2020,1,8,14,23,26,41
4085,12/09/2020,12,27,28,31,36,39
4083,5/09/2020,2,3,13,32,37,38
4081,29/08/2020,13,16,20,25,40,44
4079,22/08/2020,2,7,9,16,33,43
4077,15/08/2020,13,16,29,34,35,41
4075,8/08/2020,1,11,17,18,34,42
4073,1/08/2020,8,9,23,29,38,42
4071,25/07/2020,6,9,16,32,37,44
4069,18/07/2020,2,18,21,22,35,43
4067,11/07/2020,22,26,27,29,32,38
4065,4/07/2020,17,31,33,35,39,42
4063,27/06/2020,15,19,24,28,35,41
4061,20/06/2020,9,11,17,19,22,29
4059,13/06/2020,3,17,29,32,34,38
4057,6/06/2020,3,10,18,19,22,27
4055,30/05/2020,3,15,19,22,25,44
4053,23/05/2020,1,21,25,30,32,45
4051,16/05/2020,4,11,16,17,19,26
4049,9/05/2020,7,21,22,35,38,39
4047,2/05/2020,10,14,16,18,31,43
4045,25/04/2020,3,15,17,23,34,38
4043,18/04/2020,23,24,29,39,40,41
4041,11/04/2020,5,10,11,14,26,27
4039,4/04/2020,11,19,22,33,36,39
4037,28/03/2020,3,7,10,16,37,43
4035,21/03/2020,10,19,26,27,31,33
4033,14/03/2020,8,13,27,40,41,42
4031,7/03/2020,3,7,28,33,34,40
4029,29/02/2020,3,12,29,30,31,38
4027,22/02/2020,8,11,15,16,23,29
4025,15/02/2020,3,4,11,21,24,39
4023,8/02/2020,17,19,24,36,38,44
4021,1/02/2020,1,10,17,24,29,33
4019,25/01/2020,10,17,19,24,36,38
4017,18/01/2020,3,10,12,24,34,35
4015,11/01/2020,11,17,18,20,37,41
4013,4/01/2020,11,16,33,38,40,42
4011,28/12/2019,1,13,19,31,37,39
4009,21/12/2019,18,23,28,30,35,37
4007,14/12/2019,1,9,31,34,39,40
4005,7/12/2019,1,13,16,25,30,32
4003,30/11/2019,10,16,20,22,30,38
4001,23/11/2019,7,14,25,30,37,45
3999,16/11/2019,11,22,28,31,32,34
3997,9/11/2019,1,10,25,27,28,36
3995,2/11/2019,1,2,10,12,21,42
3993,26/10/2019,2,7,28,29,31,45
3991,19/10/2019,18,21,26,39,41,43
3989,12/10/2019,6,8,16,17,27,33
3987,5/10/2019,4,12,20,33,34,36
3985,28/09/2019,4,11,18,20,22,41
3983,21/09/2019,14,29,32,33,40,43
3981,14/09/2019,7,20,27,38,39,41
3979,7/09/2019,1,8,10,14,23,36
3977,31/08/2019,7,14,15,17,36,41
3975,24/08/2019,4,9,10,11,32,33
3973,17/08/2019,6,19,23,24,28,35
3971,10/08/2019,1,6,9,37,38,39
3969,3/08/2019,3,5,28,32,38,44
3967,27/07/2019,11,13,23,27,35,38
3965,20/07/2019,2,8,12,18,30,42
3963,13/07/2019,5,16,18,22,36,41
3961,6/07/2019,15,18,23,30,41,44
3959,29/06/2019,5,14,21,33,35,42
3957,22/06/2019,5,10,11,12,29,41
3955,15/06/2019,8,18,24,39,41,42
3953,8/06/2019,1,22,24,36,39,42
3951,1/06/2019,6,9,20,25,27,31
3949,25/05/2019,1,11,18,29,35,44
3947,18/05/2019,2,6,8,36,39,45
3945,11/05/2019,17,27,28,32,34,44
3943,4/05/2019,7,8,23,24,27,33
3941,27/04/2019,1,16,21,26,39,41
3939,20/04/2019,9,14,16,18,20,36
3937,13/04/2019,16,18,19,21,22,25
3935,6/04/2019,4,8,10,12,38,39
3933,30/03/2019,5,8,26,27,31,33
3931,23/03/2019,9,29,32,33,37,39
3929,16/03/2019,1,8,12,15,31,42
3927,9/03/2019,16,17,21,27,29,43
3925,2/03/2019,5,10,38,39,40,43
3923,23/02/2019,13,19,20,21,25,37
3921,16/02/2019,18,19,26,27,38,43
3919,9/02/2019,9,11,13,16,17,21
3917,2/02/2019,1,5,12,21,24,45
3915,26/01/2019,8,18,19,36,38,42
3913,19/01/2019,8,10,11,15,26,45
3911,12/01/2019,5,11,15,23,35,45
3909,5/01/2019,3,18,20,24,26,34
3907,29/12/2018,2,9,17,30,33,39
3905,22/12/2018,5,9,14,29,41,43
3903,15/12/2018,23,28,32,33,35,39
3901,8/12/2018,2,6,23,25,26,43
3899,1/12/2018,5,24,25,27,31,38
3897,24/11/2018,7,10,20,24,29,37
3895,17/11/2018,6,18,19,26,30,31
3893,10/11/2018,1,21,22,23,38,44
3891,3/11/2018,3,5,12,14,35,36
3889,27/10/2018,9,13,16,17,32,37
3887,20/10/2018,5,14,15,38,42,45
3885,13/10/2018,3,6,10,34,37,40
3883,6/10/2018,1,2,7,22,34,40
3881,29/09/2018,2,9,10,13,16,25
3879,22/09/2018,9,21,26,29,32,44
3877,15/09/2018,1,3,7,15,44,45
3875,8/09/2018,19,22,24,25,42,43
3873,1/09/2018,5,10,14,16,36,43
3871,25/08/2018,5,15,18,29,31,35
3869,18/08/2018,6,17,19,26,37,38
3867,11/08/2018,1,8,15,20,23,44
3865,4/08/2018,12,14,24,25,35,38
3863,28/07/2018,21,27,29,31,37,40
3861,21/07/2018,2,4,14,15,16,24
3859,14/07/2018,6,11,12,32,40,45
3857,7/07/2018,1,6,18,23,29,43
3855,30/06/2018,1,14,20,25,26,40
3853,23/06/2018,9,10,18,31,35,41
3851,16/06/2018,2,8,12,22,26,45
3849,9/06/2018,7,10,22,25,26,36
3847,2/06/2018,7,14,17,19,24,37
3845,26/05/2018,10,21,25,29,38,40
3843,19/05/2018,6,9,21,33,39,42
3841,12/05/2018,6,12,14,17,31,38
3839,5/05/2018,10,22,28,34,42,45
3837,28/04/2018,13,29,33,35,38,43
3835,21/04/2018,11,12,17,31,42,44
3833,14/04/2018,7,9,10,17,18,38
3831,7/04/2018,6,7,8,17,23,35
3829,31/03/2018,8,15,23,27,43,44
3827,24/03/2018,10,19,23,30,33,39
3825,17/03/2018,26,32,33,35,38,41
3823,10/03/2018,2,4,22,31,34,44
3821,3/03/2018,2,21,29,35,36,45
3819,24/02/2018,1,5,14,15,19,30
3817,17/02/2018,3,8,13,30,31,35
3815,10/02/2018,2,7,16,23,27,44
3813,3/02/2018,11,12,13,23,24,27
3811,27/01/2018,1,4,7,11,32,40
3809,20/01/2018,2,5,9,14,31,34
3807,13/01/2018,1,6,16,19,36,45
3805,6/01/2018,3,12,31,32,35,44
3803,30/12/2017,6,9,27,30,35,37
3801,23/12/2017,8,11,13,21,23,34
3799,16/12/2017,1,5,26,28,39,45
3797,9/12/2017,14,17,28,30,34,36
3795,2/12/2017,8,14,16,23,25,44
3793,25/11/2017,4,6,18,31,36,44
3791,18/11/2017,6,19,26,28,40,42
3789,11/11/2017,18,19,27,30,38,43
3787,4/11/2017,4,7,17,22,26,30
3785,28/10/2017,1,13,17,38,40,44
3783,21/10/2017,13,22,30,34,42,45
3781,14/10/2017,6,13,18,25,34,39
3779,7/10/2017,7,13,15,18,31,34
3777,30/09/2017,1,19,20,22,32,34
3775,23/09/2017,6,8,13,40,44,45
3773,16/09/2017,5,10,20,29,41,45
3771,9/09/2017,12,21,28,35,40,42
3769,2/09/2017,16,17,21,22,23,44
3767,26/08/2017,11,15,20,27,38,45
3765,19/08/2017,3,9,23,30,39,45
3763,12/08/2017,7,11,14,16,26,45
3761,5/08/2017,1,7,11,20,21,32
3759,29/07/2017,28,30,31,34,42,43
3757,22/07/2017,11,22,27,32,42,44
3755,15/07/2017,1,11,22,25,41,44
3753,8/07/2017,11,18,22,24,26,33
3751,1/07/2017,6,10,18,19,32,36
3749,24/06/2017,1,5,13,29,32,43
3747,17/06/2017,5,19,25,30,33,34
3745,10/06/2017,12,14,20,22,24,44
3743,3/06/2017,9,21,27,30,32,35
3741,27/05/2017,15,17,18,24,42,45
3739,20/05/2017,6,10,11,15,29,33
3737,13/05/2017,1,16,21,30,35,40
3735,6/05/2017,8,9,16,26,39,41
3733,29/04/2017,3,10,23,29,34,37
3731,22/04/2017,11,13,18,21,24,30
3729,15/04/2017,3,15,26,32,40,44
3727,8/04/2017,3,7,25,27,32,38
3725,1/04/2017,16,20,24,32,34,37
3723,25/03/2017,16,20,23,28,35,39
3721,18/03/2017,1,10,15,23,36,43
3719,11/03/2017,1,10,15,31,36,39
3717,4/03/2017,9,12,15,18,28,34
3715,25/02/2017,7,22,29,33,36,44
3713,18/02/2017,21,25,28,30,33,37
3711,11/02/2017,3,18,41,42,43,45
3709,4/02/2017,4,16,22,34,36,38
3707,28/01/2017,6,10,19,28,37,40
3705,21/01/2017,14,17,30,37,41,43
3703,14/01/2017,9,12,21,22,30,41
3701,7/01/2017,7,19,20,22,40,41
3699,31/12/2016,4,11,16,18,31,40
3697,24/12/2016,4,5,9,24,34,39
3695,17/12/2016,8,17,18,29,36,42
3693,10/12/2016,5,20,25,33,34,36
3691,3/12/2016,10,11,18,26,39,44
3689,26/11/2016,18,19,27,29,38,45
3687,19/11/2016,1,12,14,16,24,40
3685,12/11/2016,1,3,12,18,22,38
3683,5/11/2016,9,23,24,34,38,43
3681,29/10/2016,15,20,23,33,39,42
3679,22/10/2016,16,22,35,37,39,42
3677,15/10/2016,2,8,21,22,31,40
3675,8/10/2016,2,3,6,21,26,38
3673,1/10/2016,6,14,22,26,35,37
3671,24/09/2016,11,12,18,25,34,45
3669,17/09/2016,3,8,9,12,18,27
3667,10/09/2016,5,7,9,13,18,27
3665,3/09/2016,7,23,28,32,36,40
3663,27/08/2016,4,5,13,18,25,34
3661,20/08/2016,8,16,23,34,42,45
3659,13/08/2016,11,14,16,37,41,45
3657,6/08/2016,6,12,15,19,23,31
3655,30/07/2016,27,32,33,37,40,45
3653,23/07/2016,4,7,10,15,22,32
3651,16/07/2016,1,3,7,12,24,32
3649,9/07/2016,13,17,21,25,33,38
3647,2/07/2016,5,12,16,20,31,41
3645,25/06/2016,4,7,10,17,28,31
3643,18/06/2016,1,2,13,20,39,44
3641,11/06/2016,4,10,25,32,39,45
3639,4/06/2016,3,12,26,27,38,43
3637,28/05/2016,1,21,34,35,37,42
3635,21/05/2016,5,11,13,14,37,39
3633,14/05/2016,4,10,13,21,33,34
3631,7/05/2016,1,3,14,24,31,35
3629,30/04/2016,2,20,22,24,27,30
3627,23/04/2016,3,10,27,32,34,36
3625,16/04/2016,1,3,11,29,36,42
3623,9/04/2016,3,6,18,21,23,41
3621,2/04/2016,7,11,12,23,29,36
3619,26/03/2016,5,9,17,24,32,43
3617,19/03/2016,8,10,16,24,28,31
3615,12/03/2016,1,3,8,16,28,37
3613,5/03/2016,2,11,20,26,39,45
3611,27/02/2016,3,5,18,21,22,38
3609,20/02/2016,5,17,22,26,30,42
3607,13/02/2016,2,8,25,27,28,43
3605,6/02/2016,4,26,33,39,40,43
3603,30/01/2016,5,20,25,28,29,45
3601,23/01/2016,20,24,33,41,44,45
3599,16/01/2016,1,3,11,13,22,24
3597,9/01/2016,2,18,20,25,30,36
3595,2/01/2016,3,10,31,40,44,45
3593,26/12/2015,5,9,25,34,35,36
3591,19/12/2015,3,6,11,24,33,34
3589,12/12/2015,6,7,8,11,31,40
3587,5/12/2015,15,18,28,32,40,42
3585,28/11/2015,1,9,17,18,24,34
3583,21/11/2015,6,9,10,11,35,37
3581,14/11/2015,6,10,21,28,37,42
3579,7/11/2015,4,6,17,31,38,39
3577,31/10/2015,10,14,19,20,27,37
3575,24/10/2015,1,15,18,29,37,40
3573,17/10/2015,2,7,10,13,23,24
3571,10/10/2015,1,5,7,8,15,39
3569,3/10/2015,3,6,7,21,22,43
3567,26/09/2015,5,12,13,17,22,26
3565,19/09/2015,4,5,16,29,32,44
3563,12/09/2015,16,17,21,29,38,42
3561,5/09/2015,5,13,27,31,37,42
3559,29/08/2015,11,18,26,27,37,39
3557,22/08/2015,4,13,18,27,30,36
3555,15/08/2015,6,12,23,26,28,36
3553,8/08/2015,1,13,24,28,29,33
3551,1/08/2015,6,10,15,16,17,29
3549,25/07/2015,7,8,13,20,23,32
3547,18/07/2015,3,11,13,29,38,42
3545,11/07/2015,14,23,24,28,41,45
3543,4/07/2015,8,15,25,30,31,44
3541,27/06/2015,15,17,29,30,32,39
3539,20/06/2015,8,10,22,27,39,44
3537,13/06/2015,8,20,36,38,43,45
3535,6/06/2015,15,29,31,32,33,39
3533,30/05/2015,16,20,23,36,38,43
3531,23/05/2015,1,2,31,38,39,45
3529,16/05/2015,10,15,16,26,30,45
3527,9/05/2015,4,13,27,29,31,32
3525,2/05/2015,6,15,18,23,35,43
3523,25/04/2015,5,7,12,20,29,42
3521,18/04/2015,4,14,16,18,26,27
3519,11/04/2015,3,7,13,21,24,30
3517,4/04/2015,1,24,34,40,44,45
3515,28/03/2015,13,16,17,18,25,29
3513,21/03/2015,2,11,12,16,24,39
3511,14/03/2015,7,9,17,26,42,43
3509,7/03/2015,3,6,24,40,41,44
3507,28/02/2015,1,11,14,33,37,45
3505,21/02/2015,5,10,11,24,39,41
3503,14/02/2015,16,22,24,35,37,42
3501,7/02/2015,9,19,30,33,41,44
3499,31/01/2015,9,15,19,26,33,36
3497,24/01/2015,10,12,30,34,42,44
3495,17/01/2015,1,10,16,30,33,41
3493,10/01/2015,4,19,24,25,27,34
3491,3/01/2015,18,21,35,38,39,43
3489,27/12/2014,7,16,20,33,39,43
3487,20/12/2014,6,8,9,19,21,41
3485,13/12/2014,6,11,16,17,21,44
3483,6/12/2014,1,5,13,36,38,39
3481,29/11/2014,18,28,31,36,41,42
3479,22/11/2014,1,5,14,23,31,42
3477,15/11/2014,4,9,13,37,42,43
3475,8/11/2014,16,19,20,22,27,35
3473,1/11/2014,9,15,21,24,30,42
3471,25/10/2014,11,12,17,36,38,44
3469,18/10/2014,5,7,8,9,27,34
3467,11/10/2014,3,11,13,21,42,44
3465,4/10/2014,6,20,22,29,32,44
3463,27/09/2014,1,6,16,20,25,36
3461,20/09/2014,1,12,22,27,38,40
3459,13/09/2014,1,5,10,14,29,33
3457,6/09/2014,4,10,17,27,34,43
3455,30/08/2014,2,14,24,37,40,44
3453,23/08/2014,11,29,30,40,41,43
3451,16/08/2014,2,3,15,16,18,24
3449,9/08/2014,23,26,27,30,31,41
3447,2/08/2014,7,10,12,26,30,36
3445,26/07/2014,5,7,12,28,40,45
3443,19/07/2014,4,8,13,27,28,42
3441,12/07/2014,1,3,15,19,42,44
3439,5/07/2014,5,7,14,20,31,39
3437,28/06/2014,1,17,20,40,42,44
3435,21/06/2014,1,12,28,31,32,34
3433,14/06/2014,11,13,16,19,27,35
3431,7/06/2014,1,19,20,36,38,41
3429,31/05/2014,1,13,20,26,37,45
3427,24/05/2014,11,13,28,37,43,45
3425,17/05/2014,8,9,22,25,36,42
3423,10/05/2014,10,13,16,22,39,45
3421,3/05/2014,1,12,14,19,37,41
3419,26/04/2014,12,20,24,32,39,45
3417,19/04/2014,3,7,17,23,25,26
3415,12/04/2014,13,18,20,21,28,45
3413,5/04/2014,1,22,24,29,36,39
3411,29/03/2014,10,21,22,26,29,41
3409,22/03/2014,4,12,18,19,29,33
3407,15/03/2014,13,33,36,38,39,43
3405,8/03/2014,3,19,27,38,40,42
3403,1/03/2014,4,13,33,35,39,45
3401,22/02/2014,8,12,15,25,26,45
3399,15/02/2014,6,27,28,32,39,40
3397,8/02/2014,6,15,17,21,22,42
3395,1/02/2014,11,16,32,40,41,45
3393,25/01/2014,30,35,36,37,42,43
3391,18/01/2014,1,9,10,13,27,39
3389,11/01/2014,7,14,23,27,38,40
3387,4/01/2014,5,6,10,28,32,40
3385,28/12/2013,17,22,24,25,26,40
3383,21/12/2013,1,3,10,17,20,35
3381,14/12/2013,4,9,14,22,42,45
3379,7/12/2013,3,7,28,31,38,41
3377,30/11/2013,24,27,30,37,43,45
3375,23/11/2013,5,7,20,30,31,39
3373,16/11/2013,5,8,15,32,36,39
3371,9/11/2013,2,16,20,27,28,32
3369,2/11/2013,2,5,23,32,40,43
3367,26/10/2013,9,13,16,21,33,44
3365,19/10/2013,5,20,27,31,37,42
3363,12/10/2013,3,9,33,34,39,41
3361,5/10/2013,6,8,11,21,27,31
3359,28/09/2013,1,13,21,27,34,37
3357,21/09/2013,1,2,5,16,19,42
3355,14/09/2013,3,11,20,28,34,40
3353,7/09/2013,1,11,12,15,25,36
3351,31/08/2013,15,18,26,28,39,41
3349,24/08/2013,12,15,16,37,42,45
3347,17/08/2013,5,27,33,35,42,45
3345,10/08/2013,8,18,21,23,27,37
3343,3/08/2013,1,14,24,26,30,37
3341,27/07/2013,6,25,27,29,38,41
3339,20/07/2013,1,3,9,12,22,29
3337,13/07/2013,5,9,14,27,37,40
3335,6/07/2013,3,8,19,26,29,43
3333,29/06/2013,11,22,25,26,31,42
3331,22/06/2013,13,17,18,20,21,43
3329,15/06/2013,1,4,15,16,17,21
3327,8/06/2013,7,8,10,25,28,42
3325,1/06/2013,12,15,30,37,40,44
3323,25/05/2013,1,15,16,20,31,36
3321,18/05/2013,3,6,14,16,25,31
3319,11/05/2013,16,30,32,35,38,41
3317,4/05/2013,2,12,13,20,30,35
3315,27/04/2013,8,15,18,33,40,43
3313,20/04/2013,7,10,28,34,41,44
3311,13/04/2013,2,4,6,9,37,44
3309,6/04/2013,19,20,21,23,25,43
3307,30/03/2013,4,29,33,40,41,43
3305,23/03/2013,2,3,12,13,16,30
3303,16/03/2013,4,24,25,29,32,43
3301,9/03/2013,7,10,12,28,44,45
3299,2/03/2013,11,13,18,20,42,43
3297,23/02/2013,6,8,13,29,34,39
3295,16/02/2013,1,6,16,17,18,34
3293,9/02/2013,8,29,30,33,36,41
3291,2/02/2013,5,18,29,31,44,45
3289,26/01/2013,6,12,25,36,39,43
3287,19/01/2013,4,11,14,16,19,25
3285,12/01/2013,2,6,11,15,31,34
3283,5/01/2013,20,28,30,31,32,37
3281,29/12/2012,7,14,15,25,35,37
3279,22/12/2012,1,4,10,17,29,45
3277,15/12/2012,5,7,9,16,20,41
3275,8/12/2012,6,13,16,33,36,41
3273,1/12/2012,11,17,25,30,40,41
3271,24/11/2012,17,26,30,32,42,43
3269,17/11/2012,5,8,11,20,29,33
3267,10/11/2012,1,4,25,27,40,41
3265,3/11/2012,7,12,20,31,38,43
3263,27/10/2012,5,6,25,33,34,44
3261,20/10/2012,10,25,26,27,32,35
3259,13/10/2012,2,11,13,15,26,40
3257,6/10/2012,18,20,23,32,40,42
3255,29/09/2012,9,10,16,25,32,34
3253,22/09/2012,1,17,19,32,34,45
3251,15/09/2012,2,11,19,23,32,34
3249,8/09/2012,4,5,7,15,35,38
3247,1/09/2012,9,19,24,28,29,31
3245,25/08/2012,4,17,21,27,28,30
3243,18/08/2012,10,11,15,30,34,36
3241,11/08/2012,21,22,27,31,32,38
3239,4/08/2012,16,19,20,37,39,43
3237,28/07/2012,1,27,28,33,37,42
3235,21/07/2012,3,6,7,9,23,43
3233,14/07/2012,17,30,36,41,42,45
3231,7/07/2012,2,15,21,31,37,38
3229,30/06/2012,8,30,32,33,37,40
3227,23/06/2012,2,16,19,29,30,31
3225,16/06/2012,16,18,25,35,36,40
3223,9/06/2012,1,4,16,26,27,32
3221,2/06/2012,6,17,18,31,36,43
3219,26/05/2012,10,13,22,36,37,38
3217,19/05/2012,9,12,28,29,32,41
3215,12/05/2012,1,2,14,16,19,45
3213,5/05/2012,7,9,12,15,27,40
3211,28/04/2012,4,5,12,23,31,33
3209,21/04/2012,1,2,15,16,21,28
3207,14/04/2012,7,8,13,18,25,43
3205,7/04/2012,17,26,27,28,30,38
3203,31/03/2012,2,6,26,29,41,43
3201,24/03/2012,17,27,29,39,42,45
3199,17/03/2012,4,10,21,30,41,42
3197,10/03/2012,20,21,26,32,41,43
3195,3/03/2012,4,5,11,12,14,31
3193,25/02/2012,12,14,18,19,30,38
3191,18/02/2012,3,13,14,32,37,38
3189,11/02/2012,3,13,17,21,25,35
3187,4/02/2012,3,10,20,28,40,41
3185,28/01/2012,22,28,31,32,40,43
3183,21/01/2012,2,9,14,22,31,33
3181,14/01/2012,13,16,18,19,23,28
3179,7/01/2012,19,29,30,33,44,45
3177,31/12/2011,7,8,28,33,38,41
3175,24/12/2011,1,4,7,9,12,30
3173,17/12/2011,6,11,12,24,26,36
3171,10/12/2011,9,18,29,32,33,41
3169,3/12/2011,2,9,13,18,26,44
3167,26/11/2011,9,12,22,28,41,42
3165,19/11/2011,9,18,23,24,33,36
3163,12/11/2011,4,5,10,17,22,40
3161,5/11/2011,2,6,12,18,44,45
3159,29/10/2011,11,12,15,20,32,33
3157,22/10/2011,7,19,28,29,43,45
3155,15/10/2011,8,12,18,21,24,30
3153,8/10/2011,7,18,22,37,38,39
3151,1/10/2011,19,25,30,38,42,44
3149,24/09/2011,7,10,11,14,37,39
3147,17/09/2011,8,10,12,21,37,42
3145,10/09/2011,10,20,21,25,38,39
3143,3/09/2011,1,7,21,22,23,27
3141,27/08/2011,4,8,16,32,33,34
3139,20/08/2011,3,24,26,30,32,39
3137,13/08/2011,8,13,15,22,33,34
3135,6/08/2011,4,6,9,27,39,43
3133,30/07/2011,2,5,9,16,23,31
3131,23/07/2011,1,4,22,24,31,33
3129,16/07/2011,11,16,17,29,35,38
3127,9/07/2011,15,32,34,36,41,45
3125,2/07/2011,6,10,14,17,39,40
3123,25/06/2011,10,11,12,15,22,28
3121,18/06/2011,1,6,14,19,32,42
3119,11/06/2011,3,11,17,30,36,38
3117,4/06/2011,1,19,22,23,27,45
3115,28/05/2011,1,9,11,13,33,35
3113,21/05/2011,8,13,15,19,27,43
3111,14/05/2011,4,10,18,22,31,45
3109,7/05/2011,12,24,26,28,39,44
3107,30/04/2011,1,7,15,33,35,40
3105,23/04/2011,5,10,13,25,32,37
3103,16/04/2011,1,14,18,22,23,29
3101,9/04/2011,3,4,11,13,41,45
3099,2/04/2011,10,14,24,30,40,41
3097,26/03/2011,1,14,23,34,41,42
3095,19/03/2011,2,6,7,8,18,21
3093,12/03/2011,4,13,17,21,38,40
3091,5/03/2011,12,19,22,26,32,33
3089,26/02/2011,1,4,21,23,24,43
3087,19/02/2011,1,5,14,23,41,45
3085,12/02/2011,4,9,10,26,38,44
3083,5/02/2011,5,11,19,30,42,45
3081,29/01/2011,2,11,15,19,20,25
3079,22/01/2011,3,15,17,21,34,43
3077,15/01/2011,10,12,23,26,27,31
3075,8/01/2011,5,6,19,23,35,38
3073,31/12/2010,10,11,13,19,24,41
3071,25/12/2010,4,11,12,22,29,38
3069,18/12/2010,4,13,25,26,42,44
3067,11/12/2010,10,16,18,26,32,33
3065,4/12/2010,9,10,12,13,39,43
3063,27/11/2010,2,12,15,24,35,37
3061,20/11/2010,7,19,21,25,38,42
3059,13/11/2010,14,15,26,27,35,41
3057,6/11/2010,15,24,25,28,30,39
3055,30/10/2010,4,6,7,27,31,45
3053,23/10/2010,12,23,31,34,39,43
3051,16/10/2010,15,19,28,36,39,41
3049,9/10/2010,1,11,24,26,32,36
3047,2/10/2010,8,9,29,33,37,42
3045,25/09/2010,12,22,24,26,31,38
3043,18/09/2010,7,18,31,35,40,44
3041,11/09/2010,5,11,15,36,42,44
3039,4/09/2010,1,20,28,35,36,44
3037,28/08/2010,3,9,11,29,30,34
3035,21/08/2010,1,8,11,16,31,38
3033,14/08/2010,2,12,13,29,31,40
3031,7/08/2010,5,28,35,39,40,41
3029,31/07/2010,4,14,25,35,41,43
3027,24/07/2010,6,13,16,24,30,33
3025,17/07/2010,2,11,17,19,39,40
3023,10/07/2010,17,23,30,38,40,42
3021,3/07/2010,1,6,10,15,26,40
3019,26/06/2010,2,5,10,22,37,38
3017,19/06/2010,5,11,13,16,25,29
3015,12/06/2010,1,7,11,21,23,43
3013,5/06/2010,5,13,24,26,28,41
3011,29/05/2010,2,12,19,22,30,40
3009,22/05/2010,7,8,16,17,27,40
3007,15/05/2010,4,6,13,15,18,35
3005,8/05/2010,7,21,34,39,42,43
3003,1/05/2010,20,24,25,29,31,34
3001,24/04/2010,4,5,12,18,20,25
2999,17/04/2010,5,6,22,32,36,43
2997,10/04/2010,15,17,27,33,40,43
2995,3/04/2010,12,18,21,22,33,38
2993,27/03/2010,9,13,16,23,27,33
2991,20/03/2010,10,12,15,26,29,40
2989,13/03/2010,7,17,24,31,42,43
2987,6/03/2010,4,18,21,24,28,41
2985,27/02/2010,20,26,29,31,33,40
2983,20/02/2010,1,13,18,33,36,37
2981,13/02/2010,1,7,14,34,41,45
2979,6/02/2010,8,11,23,25,27,42
2977,30/01/2010,12,13,15,21,22,43
2975,23/01/2010,8,13,15,18,29,38
2973,16/01/2010,14,27,32,33,36,41
2971,9/01/2010,6,8,18,20,36,45
2969,2/01/2010,5,12,16,33,34,42
2967,26/12/2009,6,9,11,24,28,42
2965,19/12/2009,2,3,5,7,9,23
2963,12/12/2009,1,2,24,25,31,34
2961,5/12/2009,1,10,26,31,32,44
2959,28/11/2009,11,19,28,36,37,40
2957,21/11/2009,4,16,19,23,28,44
2955,14/11/2009,2,9,13,23,26,36
2953,7/11/2009,1,14,21,29,33,36
2951,31/10/2009,6,24,29,30,37,44
2949,24/10/2009,2,14,16,23,34,39
2947,17/10/2009,2,10,22,24,26,44
2945,10/10/2009,2,6,13,14,25,32
2943,3/10/2009,3,16,18,32,39,42
2941,26/09/2009,1,7,13,16,30,40
2939,19/09/2009,2,20,24,29,33,41
2937,12/09/2009,4,21,30,35,42,43
2935,5/09/2009,9,11,20,29,34,39
2933,29/08/2009,4,23,30,35,36,43
2931,22/08/2009,7,11,32,37,38,40
2929,15/08/2009,1,18,28,30,37,43
2927,8/08/2009,14,19,29,33,39,40
2925,1/08/2009,5,16,24,27,28,40
2923,25/07/2009,5,14,16,25,35,38
2921,18/07/2009,2,5,6,8,12,13
2919,11/07/2009,5,9,20,29,33,37
2917,4/07/2009,1,13,25,38,43,45
2915,27/06/2009,9,14,20,24,25,38
2913,20/06/2009,1,15,17,33,34,37
2911,13/06/2009,13,19,22,29,36,42
2909,6/06/2009,19,20,31,36,43,45
2907,30/05/2009,6,26,33,34,40,45
2905,23/05/2009,6,8,18,25,27,37
2903,16/05/2009,3,14,15,19,25,44
2901,9/05/2009,8,13,14,22,24,31
2899,2/05/2009,1,5,38,41,42,45
2897,25/04/2009,3,13,17,32,38,44
2895,18/04/2009,3,5,8,14,30,34
2893,11/04/2009,1,2,10,27,41,43
2891,4/04/2009,1,8,34,37,38,42
2889,28/03/2009,5,21,22,25,27,38
2887,21/03/2009,3,13,18,19,29,38
2885,14/03/2009,6,17,20,26,38,41
2883,7/03/2009,2,6,12,34,39,41
2881,28/02/2009,17,21,22,24,28,34
2879,21/02/2009,8,10,13,17,26,33
2877,14/02/2009,5,6,20,23,24,26
2875,7/02/2009,2,5,18,20,27,37
2873,31/01/2009,4,5,15,18,30,34
2871,24/01/2009,18,24,31,32,41,44
2869,17/01/2009,4,9,27,37,42,45
2867,10/01/2009,8,12,16,19,22,42
2865,3/01/2009,17,25,28,34,37,45
2863,27/12/2008,6,16,24,26,36,41
2861,20/12/2008,18,20,22,27,28,40
2859,13/12/2008,7,10,11,21,34,40
2857,6/12/2008,1,2,10,15,17,21
2855,29/11/2008,6,18,30,37,43,44
2853,22/11/2008,1,11,15,28,35,39
2851,15/11/2008,14,22,28,34,39,40
2849,8/11/2008,7,11,14,25,31,32
2847,1/11/2008,5,11,21,23,30,35
2845,25/10/2008,21,22,24,30,32,45
2843,18/10/2008,1,9,12,30,38,42
2841,11/10/2008,10,15,17,18,20,31
2839,4/10/2008,19,24,27,36,40,43
2837,27/09/2008,4,9,10,11,21,28
2835,20/09/2008,4,7,19,22,25,28
2833,13/09/2008,9,11,20,30,41,45
2831,6/09/2008,5,11,29,31,32,42
2829,30/08/2008,1,4,10,27,33,44
2827,23/08/2008,7,8,13,23,28,40
2825,16/08/2008,2,5,18,24,36,42
2823,9/08/2008,12,26,34,40,43,45
2821,2/08/2008,3,9,14,24,40,42
2819,26/07/2008,8,14,22,24,25,30
2817,19/07/2008,8,9,33,34,40,43
2815,12/07/2008,27,29,37,38,39,45
2813,5/07/2008,3,9,20,31,40,45
2811,28/06/2008,3,10,11,37,40,44
2809,21/06/2008,3,12,17,24,37,44
2807,14/06/2008,3,4,8,34,35,44
2805,7/06/2008,2,12,20,27,30,31
2803,31/05/2008,6,7,9,12,32,45
2801,24/05/2008,15,30,32,33,34,45
2799,17/05/2008,6,10,11,15,28,39
2797,10/05/2008,1,3,6,21,22,40
2795,3/05/2008,7,18,22,24,41,43
2793,26/04/2008,4,30,34,35,38,41
2791,19/04/2008,18,23,25,33,37,43
2789,12/04/2008,20,21,31,32,38,39
2787,5/04/2008,3,5,13,26,29,32
2785,29/03/2008,5,8,17,29,32,40
2783,22/03/2008,3,10,21,27,29,36
2781,15/03/2008,6,10,26,35,39,43
2779,8/03/2008,3,11,31,35,41,44
2777,1/03/2008,5,15,18,19,21,30
2775,23/02/2008,21,24,34,39,42,43
2773,16/02/2008,1,9,13,19,24,41
2771,9/02/2008,9,10,21,26,28,31
2769,2/02/2008,12,26,30,31,40,42
2767,26/01/2008,4,12,19,24,35,40
2765,19/01/2008,3,19,22,29,37,43
2763,12/01/2008,3,15,24,35,41,42
2761,5/01/2008,4,7,13,21,29,38
